0,001,1,12.0,6.0
1,004,2,10.0,4.0
2,006,6,16.0,-14.0
3,007,15,12.0,7.0
4,009,0,15.0,-11.0
5,013,8,3.0,-17.0
6,015,1,12.0,8.0
7,021,9,12.0,9.0
8,022,7,-27.0,-8.0
9,026,15,12.0,9.0
10,031,3,1.0,-42.0
11,035,13,10.0,3.0
12,036,4,17.0,-13.0
13,038,15,11.0,6.0
14,039,0,-5.0,-21.0
15,041,15,12.0,9.0
16,042,9,12.0,8.0
17,044,1,-13.0,11.0
18,045,24,12.0,12.0
19,046,1,2.0,6.0
20,047,0,13.0,5.0
21,048,16,12.0,8.0
22,049,0,11.0,4.0
23,050,5,12.0,9.0
24,053,0,5.0,-2.0
25,054,0,11.0,4.0
26,058,0,-18.0,1.0
27,059,9,13.0,10.0
28,060,5,-2.0,17.0
29,064,4,-28.0,-1.0
30,067,0,16.0,-1.0
31,071,9,10.0,4.0
32,072,0,14.0,-13.0
33,073,0,-49.0,-1.0
34,075,1,4.0,-1.0
35,080,1,5.0,2.0
36,084,0,-3.0,17.0
37,086,2,12.0,5.0
38,089,6,11.0,6.0
39,091,0,19.0,10.0
40,092,5,16.0,3.0
41,093,4,14.0,-13.0
42,094,13,12.0,8.0
43,099,8,12.0,8.0
44,100,25,12.0,8.0
45,101,7,-27.0,-8.0
46,102,1,12.0,7.0
47,103,5,12.0,7.0
48,107,6,13.0,11.0
49,110,2,12.0,8.0
50,112,6,13.0,7.0
51,113,12,12.0,5.0
52,114,5,12.0,9.0
53,115,5,-7.0,10.0
54,117,2,11.0,6.0
55,122,7,12.0,9.0
56,125,9,9.0,7.0
57,126,2,13.0,-12.0
58,127,4,-10.0,3.0
59,131,5,13.0,9.0
60,133,6,12.0,7.0
61,138,11,-4.0,2.0
62,140,1,10.0,5.0
63,142,3,14.0,-3.0
64,143,0,16.0,1.0
65,144,9,13.0,0.0
66,146,1,-1.0,7.0
67,147,0,1.0,-5.0
68,148,8,13.0,9.0
69,150,0,13.0,8.0
70,151,6,8.0,5.0
71,152,7,10.0,-10.0
72,154,1,12.0,9.0
73,155,4,12.0,9.0
74,157,3,10.0,1.0
75,162,0,16.0,2.0
76,166,7,2.0,-8.0
77,168,5,15.0,6.0
78,169,9,-15.0,10.0
79,170,11,12.0,8.0
80,171,0,12.0,8.0
81,173,0,7.0,21.0
82,174,2,13.0,8.0
83,177,5,13.0,2.0
84,178,4,13.0,9.0
85,182,9,9.0,5.0
86,185,11,14.0,3.0
87,188,12,12.0,8.0
88,191,1,8.0,7.0
89,192,12,11.0,9.0
90,194,1,11.0,10.0
91,195,4,0.0,-7.0
92,202,10,-4.0,-14.0
93,203,7,13.0,-13.0
94,205,24,14.0,10.0
95,206,23,13.0,5.0
96,209,0,12.0,11.0
97,210,12,-7.0,-10.0
98,218,1,-8.0,18.0
99,221,2,-6.0,-3.0
100,226,5,-14.0,2.0
101,A002,9,13.0,11.0
102,A004,6,9.0,-2.0
103,A006,12,14.0,6.0
104,A007,13,10.0,10.0
105,A009,5,13.0,9.0
106,A010,10,3.0,-7.0
107,A011,13,9.0,-8.0
108,A012,17,13.0,10.0
109,A014,13,13.0,-1.0
110,A015,2,0.0,-19.0
111,A016,11,14.0,-13.0
112,A019,5,23.0,36.0
113,A021,12,12.0,8.0
114,A026,8,12.0,4.0
115,A027,18,-3.0,-14.0
116,A028,1,7.0,0.0
117,A029,12,17.0,-13.0
118,A031,7,12.0,5.0
119,A038,8,-20.0,1.0
120,A043,8,17.0,-13.0
121,A045,4,16.0,-12.0
122,A046,6,-2.0,24.0
123,A047,16,-3.0,-14.0
124,A048,11,12.0,9.0
125,A050,11,-2.0,-13.0
126,A051,2,-17.0,-1.0
127,A056,8,10.0,4.0
128,A057,17,-18.0,10.0
129,A062,13,-17.0,12.0
130,A063,0,-5.0,-17.0
131,A071,19,-1.0,5.0
132,A073,6,12.0,6.0
133,A074,1,12.0,8.0
134,A076,10,-27.0,-2.0
135,A080,16,12.0,9.0
136,A083,15,-3.0,17.0
137,A084,9,14.0,-13.0
138,A087,7,16.0,1.0
139,A090,0,12.0,-10.0
140,A091,17,10.0,4.0
141,A092,17,-3.0,-14.0
142,A093,19,8.0,5.0
143,A095,3,10.0,5.0
144,A100,0,12.0,9.0
145,A104,18,12.0,8.0
146,A105,11,12.0,7.0
147,A106,11,13.0,0.0
148,A109,12,-7.0,16.0
149,A110,11,11.0,-11.0
150,A113,10,-16.0,-2.0
151,A114,1,11.0,6.0
152,A115,23,11.0,-3.0
153,A116,12,4.0,14.0
154,A118,1,11.0,5.0
155,A120,4,14.0,-13.0
156,A122,19,11.0,7.0
157,A123,14,6.0,-14.0
158,A124,3,-11.0,-10.0
159,A126,3,13.0,-19.0
160,A127,12,-4.0,-14.0
161,A128,11,4.0,4.0
162,A129,11,13.0,9.0
163,A130,0,10.0,0.0
164,A139,4,7.0,5.0
165,A140,5,8.0,-26.0
166,A148,3,17.0,-13.0
167,A166,1,-10.0,9.0
168,A170,1,-18.0,0.0
169,A186,10,13.0,-2.0
170,A204,15,-1.0,-6.0
171,A208,13,-5.0,-2.0
172,A210,0,-13.0,-19.0
173,A214,10,13.0,3.0
174,A217,10,17.0,-19.0
175,A221,21,14.0,11.0
176,A222,20,2.0,25.0
177,A223,16,21.0,11.0
178,A230,18,3.0,5.0
179,A231,14,10.0,4.0
180,A232,5,0.0,8.0
181,A237,9,2.0,-1.0
182,A238,16,12.0,4.0
183,A243,15,4.0,-11.0
184,A244,19,-3.0,-14.0
185,A245,2,16.0,-12.0
186,A250,20,12.0,8.0
187,A252,14,11.0,3.0
188,A253,4,-6.0,1.0
189,A255,23,12.0,10.0
190,A256,19,12.0,16.0
191,A261,15,-10.0,-6.0
192,A263,7,11.0,2.0
193,A264,7,10.0,5.0
194,A265,19,12.0,6.0
195,A267,7,-1.0,-2.0
196,A268,19,14.0,4.0
197,A269,18,7.0,5.0
198,A272,16,13.0,5.0
199,A273,16,0.0,8.0
200,A274,0,5.0,0.0
201,A276,0,13.0,16.0
202,A277,12,-1.0,-8.0
203,A278,20,12.0,6.0
204,A279,2,8.0,-4.0
205,A280,19,13.0,11.0
206,A282,24,11.0,5.0
207,A284,8,5.0,-10.0
208,A288,6,-7.0,6.0
209,A290,8,8.0,16.0
210,A294,10,15.0,-11.0
211,A297,11,8.0,-26.0
212,A298,15,8.0,0.0
213,A299,22,3.0,4.0
214,A300,25,12.0,7.0
215,A301,21,13.0,11.0
216,A302,8,15.0,-11.0
217,A304,20,13.0,7.0
218,A305,20,12.0,9.0
219,A309,7,4.0,9.0
220,A311,15,12.0,9.0
221,A313,19,-14.0,-15.0
222,A314,19,13.0,10.0
223,A315,2,17.0,-13.0
224,A317,2,-4.0,-5.0
225,A320,16,12.0,8.0
226,A321,24,11.0,18.0
227,A322,15,-3.0,-14.0
228,A324,1,0.0,14.0
229,A325,16,-7.0,-7.0
230,A327,19,12.0,6.0
231,A329,15,12.0,5.0
232,A332,15,12.0,11.0
233,A334,20,12.0,4.0
234,A335,14,12.0,8.0
235,A336,13,-1.0,-1.0
236,A337,14,12.0,8.0
237,A338,12,12.0,2.0
238,Ex004,0,12.0,9.0
239,Ex013,0,13.0,5.0
240,Ex030,0,16.0,-12.0
241,Ex043,2,-13.0,-19.0
242,Ex047,9,14.0,-13.0
243,OUT005,15,12.0,9.0
244,OUT007,0,10.0,9.0
245,OUT012,16,0.0,-19.0
246,OUT015,6,15.0,-11.0
247,OUT016,0,11.0,5.0
248,OUT019,23,12.0,8.0
249,OUT020,2,-4.0,-2.0
250,OUT022,0,5.0,12.0
251,OUT027,6,13.0,-13.0
252,OUT031,4,-46.0,4.0
253,OUT032,0,13.0,-11.0
254,OUT033,6,15.0,-13.0
255,OUT042,0,-8.0,21.0
256,OUT043,2,1.0,10.0
257,OUT048,3,3.0,-1.0
258,OUT052,0,12.0,-13.0
259,OUT055,14,6.0,0.0
260,OUT061,8,15.0,-11.0
261,OUT065,0,14.0,-12.0
262,OUT066,0,3.0,8.0
263,OUT069,11,5.0,-14.0
264,OUT070,18,-8.0,5.0
265,OUT074,13,13.0,10.0
266,OUT075,7,9.0,7.0
267,OUT076,15,13.0,11.0
268,OUT077,12,8.0,0.0
269,OUT080,7,-14.0,12.0
270,OUT082,14,11.0,6.0
271,OUT085,17,7.0,3.0
272,OUT087,15,8.0,7.0
273,OUT096,15,13.0,11.0
274,OUT099,20,6.0,2.0
275,OUT100,20,-8.0,-5.0
276,OUT103,16,10.0,6.0
277,OUT107,16,-4.0,-14.0
278,OUT108,20,11.0,10.0
279,OUT110,15,-4.0,-14.0
280,OUT111,17,11.0,20.0
281,OUT112,21,11.0,9.0
282,OUT114,17,9.0,8.0
283,OUT121,11,16.0,10.0
284,OUT125,1,6.0,-17.0
285,OUT129,7,5.0,-13.0
286,OUT136,14,7.0,-1.0
287,OUT137,9,7.0,-3.0
288,OUT141,13,12.0,8.0
289,OUT144,8,-4.0,-9.0
290,OUT145,10,2.0,-9.0
291,OUT146,18,12.0,8.0
292,OUT148,15,12.0,8.0
293,OUT149,14,17.0,19.0
294,OUT150,9,13.0,5.0
295,OUT151,8,16.0,3.0
296,OUT152,16,13.0,11.0
297,OUT154,8,16.0,-2.0
298,OUT157,15,12.0,7.0
299,OUT163,9,11.0,0.0
300,OUT164,7,12.0,6.0
301,OUT171,4,10.0,16.0
302,OUT180,13,-4.0,-14.0
303,OUT181,10,14.0,-13.0
304,OUT183,9,12.0,5.0
305,OUT184,9,-1.0,-2.0
306,OUT185,13,1.0,-3.0
307,OUT186,6,13.0,5.0
308,OUT190,16,5.0,-7.0
309,OUT192,15,-10.0,-10.0
310,OUT193,10,-27.0,-8.0
311,OUT194,12,-27.0,-8.0
312,OUT199,11,17.0,-15.0
313,OUT203,10,-12.0,13.0
314,OUT210,4,-6.0,-6.0
315,OUT213,0,28.0,1.0
316,OUT214,0,-5.0,-17.0
317,OUT217,0,12.0,-6.0
318,OUT220,22,-4.0,-14.0
319,OUT221,9,-3.0,17.0
320,OUT222,6,11.0,-4.0
321,OUT223,0,12.0,-4.0
322,OUT228,1,-17.0,0.0
323,OUT230,19,2.0,20.0
324,OUT235,0,9.0,-1.0
325,OUT245,7,16.0,-1.0
326,OUT246,8,12.0,0.0
327,OUT247,10,-15.0,9.0
328,OUT248,1,8.0,15.0
329,OUT251,0,8.0,-26.0
330,OUT252,8,-5.0,-17.0
331,OUT255,12,7.0,15.0
332,OUT257,4,-23.0,-8.0
333,OUT258,3,7.0,17.0
334,OUT261,2,-23.0,-8.0
335,OUT263,0,28.0,0.0
336,OUT265,8,-1.0,-8.0
337,OUT267,2,12.0,15.0
338,OUT270,13,-6.0,-16.0
339,OUT272,9,-16.0,1.0
340,OUT275,0,-7.0,17.0
341,OUT276,8,11.0,-20.0
342,OUT280,0,-15.0,3.0
343,OUT281,3,11.0,19.0
344,OUT283,13,16.0,0.0
345,OUT284,8,-4.0,2.0
346,OUT285,1,4.0,6.0
347,OUT293,17,12.0,6.0
348,OUT294,18,8.0,-6.0
349,OUT296,15,10.0,10.0
350,OUT297,9,4.0,10.0
351,OUT302,12,6.0,-10.0
352,OUT303,13,-23.0,5.0
353,OUT310,0,-5.0,1.0
354,OUT314,3,11.0,-5.0
355,OUT315,1,5.0,-13.0
356,OUT316,7,7.0,-4.0
357,OUT317,5,-9.0,8.0
358,OUT318,8,3.0,9.0
359,OUT321,16,3.0,24.0
360,OUT322,12,7.0,-13.0
361,OUT323,2,-17.0,-1.0
362,OUT324,2,-6.0,-7.0
363,OUT325,7,2.0,5.0
364,OUT326,0,-4.0,-17.0
365,OUT327,1,-28.0,-2.0
366,OUT329,13,7.0,12.0
367,OUT330,1,-24.0,8.0
368,OUT331,1,3.0,5.0
369,OUT333,1,-5.0,-15.0
370,OUT335,9,1.0,-15.0
371,OUT337,1,16.0,2.0
372,OUT338,4,8.0,-4.0
373,OUT339,16,3.0,-6.0
374,OUT340,15,13.0,11.0
375,OUT341,14,-27.0,-8.0
376,OUT342,2,16.0,-12.0
377,OUT343,8,-20.0,0.0
378,OUT346,0,11.0,-1.0
379,OUT347,16,13.0,10.0
380,OUT348,1,-1.0,0.0
381,OUT350,3,12.0,-4.0
382,OUT352,15,4.0,12.0
383,OUT354,12,8.0,17.0
384,OUT355,7,3.0,14.0
385,OUT358,13,17.0,-19.0
386,OUT361,1,-15.0,3.0
387,OUT362,1,-20.0,-8.0
388,OUT363,1,29.0,1.0
389,OUT364,0,-16.0,1.0
390,OUT365,17,2.0,3.0
391,OUT369,3,3.0,0.0
392,OUT371,1,-5.0,-17.0
393,OUT372,0,10.0,17.0
394,OUT373,6,0.0,-12.0
395,OUT375,18,11.0,6.0
396,OUT378,1,12.0,4.0
397,OUT379,2,-7.0,1.0
398,OUT380,6,14.0,7.0
399,OUT383,11,-3.0,-22.0
400,OUT384,16,-18.0,17.0
401,OUT385,5,3.0,-4.0
402,OUT389,0,8.0,-24.0
403,OUT390,0,2.0,2.0
404,OUT392,3,13.0,-11.0
405,OUT396,0,2.0,6.0
406,OUT399,12,15.0,11.0
407,OUT400,0,4.0,-17.0
408,OUT402,7,11.0,19.0
409,OUT403,5,4.0,14.0
410,OUT405,8,15.0,-1.0
411,OUT407,3,-6.0,8.0
412,OUT408,9,13.0,-4.0
413,OUT411,11,0.0,-11.0
414,OUT412,0,2.0,-11.0
415,OUT420,5,0.0,-8.0
416,OUT424,18,-2.0,-3.0
417,OUT437,13,10.0,4.0
418,OUT516,0,11.0,-11.0
419,OUT518,17,12.0,8.0
420,OUT520,11,4.0,7.0
421,OUT522,4,7.0,-2.0
422,OUT524,12,-2.0,3.0
423,OUT530,10,17.0,-19.0
424,OUT533,7,-9.0,-9.0
425,OUT534,10,12.0,-11.0
426,OUT535,15,18.0,-14.0
427,OUT537,3,3.0,8.0
428,OUT538,19,11.0,-11.0
429,OUT539,0,17.0,-13.0
430,OUT545,8,16.0,-12.0
431,OUT546,0,8.0,-8.0
432,OUT548,0,-11.0,2.0
433,OUT549,15,12.0,19.0
434,OUT554,18,10.0,15.0
435,OUT557,5,-18.0,5.0
436,OUT558,1,17.0,-13.0
437,OUT559,7,17.0,1.0
438,OUT560,2,26.0,7.0
439,OUT564,0,17.0,-13.0
440,OUT566,12,-20.0,-8.0
441,OUT567,15,8.0,-24.0
442,OUT568,0,18.0,-13.0
443,OUT569,5,0.0,-27.0
444,OUT572,16,-18.0,18.0
445,OUT573,15,12.0,17.0
446,OUT577,3,15.0,-14.0
