002,Ex001,0
002,043,8
002,134,9
002,I022,4
002,L026,6
002,L029,9
002,L053,2
002,T001,0
004,Ex002,0
004,011,0
004,101,21
004,139,12
004,219,0
004,Ex014,0
004,Ex060,0
004,L226,0
004,I022,0
004,I001,0
005,A037,22
005,L044,12
005,L094,0
005,L094,0
005,L026,6
006,221,6
006,L168,21
006,L153,2
006,L089,6
007,151,9
007,084,6
008,114,7
008,A066,17
008,L063,7
008,L218,13
009,A060,0
009,A147,12
009,L031,0
009,L093,0
001,011,0
001,045,15
001,L028,2
001,L026,0
001,L053,18
010,L154,0
010,L154,0
010,I013,1
010,L155,2
010,I021,8
010,L081,10
011,178,11
011,Ex002,0
011,L026,0
011,L042,9
011,L042,9
011,I002,0
011,I022,0
012,151,9
012,A135,0
012,Ex019,4
012,218,8
012,I022,8
012,I001,9
012,I013,4
013,011,7
013,L026,7
013,L258,12
014,063,0
014,A002,11
014,083,0
014,083,0
014,122,14
014,A055,13
014,150,14
014,I008,4
014,L032,0
014,L032,0
014,L032,0
015,129,10
015,A129,15
015,209,20
015,I010,7
015,I007,0
015,L136,10
016,200,10
016,200,8
016,L063,8
016,L271,14
017,200,7
017,L063,7
019,046,7
019,046,10
019,134,8
019,I001,7
019,I001,23
019,L156,10
020,I002,7
020,I002,16
020,I002,12
020,I002,0
021,044,9
021,044,6
021,I018,14
021,I018,6
021,L216,9
022,218,6
022,218,7
022,115,12
022,043,17
022,043,23
022,A056,17
022,134,22
022,I001,8
022,I001,6
022,I004,10
022,L034,11
022,I021,20
022,L112,18
023,114,0
023,114,10
023,OUT006,19
023,043,23
023,I022,1
023,L063,10
023,I003,2
023,L106,8
023,L033,0
024,I009,0
024,L035,6
024,L036,13
024,L202,17
024,L032,18
026,041,6
026,041,9
026,114,7
026,011,15
026,103,15
026,A049,18
026,L038,10
026,L038,7
027,219,3
027,L039,10
027,L040,17
027,L040,20
027,I001,3
027,I009,24
027,L184,7
028,A061,21
028,OUT508,16
028,L041,11
028,L042,16
028,L034,11
028,T001,23
028,L075,9
028,L167,0
029,L033,10
029,L217,5
029,L108,15
030,009,6
031,114,7
031,L043,9
031,L043,0
032,222,11
032,EX003,0
032,L044,2
032,L044,0
032,L044,11
032,L032,0
033,114,3
033,114,3
033,L030,3
034,EX003,0
034,EX003,0
034,Ex004,0
034,L032,0
034,L032,0
034,L045,0
035,191,0
035,084,0
035,L046,0
035,L046,0
035,I025,10
036,Ex005,0
036,Ex005,0
036,L047,21
036,L030,0
037,114,8
037,L063,8
037,I023,23
037,L157,18
038,044,11
038,045,11
038,219,12
038,219,15
038,219,15
038,218,12
038,I001,12
038,I001,15
038,I018,13
038,I018,11
038,L178,6
039,191,8
039,059,8
039,L049,16
039,I013,8
040,128,4
040,129,0
040,I012,9
040,I012,4
040,L050,16
040,L076,8
041,Ex006,0
041,061,5
041,I022,0
041,L038,1
041,L038,0
041,L038,5
042,081,11
042,081,8
042,081,11
042,216,11
042,216,11
042,L051,11
042,L051,8
042,L051,11
042,L095,18
042,L096,20
043,Ex001,0
043,002,3
043,L053,4
043,L052,5
043,T001,7
043,T001,0
043,I022,3
043,L048,16
043,L048,21
043,L171,20
043,L054,8
044,045,0
044,208,10
044,Ex001,0
044,A080,13
044,001,15
044,053,23
044,A140,23
044,I022,1
044,I022,0
044,I018,5
044,I018,5
044,L367,20
044,T001,0
044,L151,1
044,L053,2
044,I017,22
045,Ex005,0
045,218,17
045,L367,20
045,L048,0
045,L052,0
045,I022,0
045,L151,1
045,L152,1
045,L053,2
045,I018,6
045,I018,6
045,I018,17
046,Ex008,0
046,078,11
046,I001,0
046,I001,7
046,L202,0
047,L032,0
048,200,9
048,L047,11
048,I018,15
048,L030,9
049,I022,3
049,I020,1
049,L032,0
049,L172,0
050,091,5
050,091,6
050,091,14
050,166,9
050,166,18
050,107,8
050,107,14
050,073,8
050,178,8
050,178,17
050,174,22
050,I004,9
050,I004,4
050,I004,6
050,I004,9
050,I004,8
050,L026,12
050,L055,14
050,I017,15
050,I017,22
050,L056,21
050,L057,8
051,162,7
051,L065,7
052,I018,10
052,L144,7
052,L158,24
053,A140,10
053,Ex012,0
053,L058,10
053,L059,5
053,L075,0
053,L075,12
054,218,0
054,218,0
054,I001,0
054,I020,0
054,L075,1
054,L075,7
055,Ex009,0
055,134,8
055,134,9
055,001,21
055,L042,10
055,L028,3
055,L061,0
055,L108,9
055,L073,4
056,Ex007,0
056,T001,0
056,I022,0
056,L075,0
057,L041,18
057,L043,0
057,L043,11
057,I022,1
057,L065,19
057,L288,15
058,A092,17
058,A011,17
058,L053,12
058,I001,6
059,128,7
059,128,8
059,128,15
059,191,10
059,I013,12
059,I011,8
060,086,0
060,L062,0
060,L062,0
061,Ex005,0
061,Ex005,0
061,Ex010,0
061,026,21
061,041,5
061,L038,5
061,L038,0
062,145,9
062,129,15
063,083,9
063,083,0
063,083,0
063,014,0
063,L032,0
063,L032,0
063,T001,7
063,I020,9
063,L165,2
064,L126,21
064,L126,0
064,L126,13
065,011,2
065,011,6
065,089,6
065,L073,11
065,L026,2
066,011,0
066,011,3
066,171,0
066,142,8
066,142,17
066,099,10
066,099,14
066,166,10
066,072,11
066,L026,13
066,L026,0
066,L026,0
066,L027,6
066,L064,12
066,L065,20
066,L176,2
066,I008,10
067,114,5
067,L159,18
067,L030,5
069,164,1
069,I013,0
069,L032,0
069,L192,1
069,L031,3
069,L245,6
070,Ex019,6
070,Ex019,6
070,112,13
070,043,20
070,044,13
070,061,13
070,L052,12
070,I018,10
070,L047,16
070,L038,20
070,L154,0
070,L154,6
070,L177,12
070,I015,13
070,L178,23
070,L295,17
071,L069,13
071,L073,6
071,L073,9
072,183,9
072,183,15
072,151,9
072,L066,0
072,L066,6
072,L067,14
072,L146,0
073,091,0
073,178,5
073,L057,0
073,L068,12
073,L234,0
075,I008,1
075,I008,9
075,L098,4
075,L098,10
075,I009,6
075,I018,15
076,Ex035,0
076,L160,0
076,I002,0
076,I022,0
076,L048,0
076,L249,0
077,084,0
077,Ex002,0
077,Ex002,0
077,122,22
077,Ex026,0
077,L069,0
077,I001,0
077,I001,0
077,I022,0
077,I022,0
077,T001,16
078,046,9
078,L034,11
078,I001,9
078,L077,12
078,L146,19
079,L051,12
080,128,0
080,L076,0
080,I025,9
081,216,11
081,L051,0
081,L095,0
083,141,9
083,A033,7
083,A032,7
083,047,0
083,A054,13
083,218,14
083,L032,0
083,L032,0
084,Ex002,0
084,Ex002,0
084,Ex002,0
084,174,0
084,151,1
084,132,16
084,L046,0
084,L070,0
084,I014,0
084,I001,0
085,191,6
085,Ex025,22
085,I024,10
085,L161,6
085,I013,16
085,L075,24
085,L032,22
086,A003,9
086,OUT083,15
086,OUT101,22
086,OUT165,10
086,L037,0
086,L037,0
089,011,3
089,011,6
089,011,8
089,065,5
089,L071,7
089,L071,17
089,L026,4
090,L266,13
091,166,9
091,107,8
091,107,10
091,178,5
091,A015,0
091,Ex014,0
091,060,0
091,I004,3
091,L233,0
092,043,5
092,L033,1
092,L033,1
092,L033,14
092,L152,1
092,L152,2
092,L177,5
092,L218,7
092,L219,21
093,L180,5
093,L180,8
093,L371,11
094,149,9
094,I026,9
096,L259,0
097,I006,1
097,I005,10
098,L220,0
098,L220,0
098,L220,0
099,174,13
099,L032,6
099,L026,9
099,L027,10
099,I017,12
100,A084,10
100,200,5
100,,5
101,218,6
101,113,12
101,169,12
101,L026,17
101,I016,11
101,I001,6
101,L092,16
101,L092,19
101,L092,21
102,189,3
102,129,0
102,014,10
102,150,15
102,L076,0
102,I008,16
102,I008,0
103,218,3
103,138,6
103,011,7
103,011,15
103,011,20
103,L042,10
103,I001,3
103,L052,6
103,L072,6
103,L026,7
103,L026,8
104,156,13
104,L211,13
105,093,9
105,219,18
105,Ex103,9
105,L180,9
105,L180,9
105,L221,12
105,L112,21
106,Ex011,0
106,I001,12
106,I001,1
106,L073,0
106,L053,4
106,L183,5
107,091,5
107,091,14
107,199,12
107,077,12
107,142,18
107,L026,9
107,L071,16
107,I024,21
107,I004,21
107,I004,11
107,I004,4
108,I002,13
108,I002,16
108,I001,18
110,047,0
110,L032,0
110,I020,2
110,L184,4
110,L184,15
110,L184,8
110,L034,5
110,L185,6
111,L222,0
111,L222,1
112,A015,5
112,043,23
112,I018,7
112,I015,10
112,I015,6
113,169,12
113,101,10
113,101,20
113,A004,17
113,L092,10
113,L092,13
113,I016,12
113,I016,13
113,L075,23
113,L108,19
114,Ex033,0
114,Ex059,0
114,L223,0
114,L235,0
114,I022,24
114,L218,2
114,L048,0
115,218,6
115,134,14
115,134,6
115,I017,14
115,L091,15
115,I001,9
115,L327,10
116,I018,1
117,109,21
117,A263,9
117,Ex061,0
117,L236,0
117,L126,13
117,L369,0
117,L369,0
117,L370,0
120,218,8
120,134,13
120,L092,6
120,I001,9
120,L187,18
120,L188,22
121,L172,3
121,L172,10
121,L146,7
121,L097,8
121,L097,13
122,I008,7
122,L257,10
123,A108,13
123,152,8
124,081,6
124,L095,0
125,T001,0
125,I001,5
125,L144,10
125,L144,15
125,L144,7
126,L123,0
126,L123,11
126,L123,0
127,200,4
128,129,0
128,014,10
128,Ex016,0
128,191,12
128,I011,0
128,L224,16
128,L032,0
128,L032,2
129,EX003,0
129,Ex015,0
129,I008,0
129,L076,0
129,L136,2
129,L032,0
131,169,12
131,I016,0
132,084,13
132,L213,13
133,076,12
133,A073,6
133,A284,14
133,L135,13
133,L079,18
133,L237,0
133,L237,0
133,L261,12
134,218,3
134,218,7
134,218,23
134,043,9
134,I001,7
134,I001,4
134,I001,19
134,I021,13
134,L032,16
134,L177,16
134,L075,21
135,086,9
136,L269,13
137,083,5
137,Ex013,5
137,005,20
137,L032,5
137,I022,9
137,L108,10
137,L046,14
138,L177,0
138,L177,4
138,L177,0
138,L072,7
139,L146,0
139,L146,0
140,L296,18
141,083,10
141,040,16
141,Ex017,5
141,L032,10
141,L032,13
141,L151,22
142,011,1
142,011,3
142,011,6
142,066,6
142,089,6
142,192,12
142,065,6
142,L071,6
142,L026,11
142,L026,5
142,L026,10
142,L026,3
142,I008,14
142,I008,18
144,191,6
144,A004,14
144,Ex013,11
144,A101,13
144,L226,7
144,L226,7
144,I013,6
144,I013,10
144,I013,18
144,L203,13
144,L026,14
144,I022,17
145,A066,16
145,130,5
145,081,0
145,Ex019,0
145,164,0
145,I005,2
145,I013,0
145,L192,0
145,L120,7
145,L120,5
145,L033,12
146,L193,17
146,L285,10
146,L293,19
146,I002,5
147,083,0
147,179,2
147,047,3
147,Ex025,19
147,050,15
147,159,15
147,OUT006,22
147,L032,0
147,L032,8
147,I001,9
147,L026,10
147,I008,11
147,I017,13
147,L074,14
147,L294,17
148,162,6
148,162,14
148,A271,19
148,L065,6
148,L065,9
148,L026,11
149,I026,6
149,I026,0
149,L227,19
150,174,0
150,174,11
150,174,22
150,014,1
150,014,5
150,014,8
150,179,1
150,083,1
150,191,4
150,084,0
150,050,22
150,L070,7
150,I018,8
150,I008,6
150,I008,5
150,L089,8
150,L083,0
150,L032,1
150,I013,4
150,I017,22
151,I022,8
151,L070,1
151,L070,8
151,L070,19
151,L225,9
151,L280,13
151,L280,23
152,114,1
152,L030,1
154,L307,19
154,L374,1
154,L373,11
155,A143,1
155,L076,1
155,L224,14
156,217,0
156,Ex014,0
156,I014,8
156,I014,0
156,L211,0
156,I016,13
156,L185,16
156,L094,0
157,A141,0
157,I022,14
157,L202,4
157,L056,8
157,L115,11
159,179,11
159,046,21
159,050,19
159,149,21
159,A143,3
159,014,4
159,I009,0
159,L055,13
159,I004,11
159,I008,11
159,L043,18
159,L368,19
159,L076,0
159,I020,6
159,I007,0
160,162,5
160,011,10
160,178,11
160,150,7
160,150,8
160,014,7
160,014,9
160,174,13
160,202,9
160,I018,9
160,L026,10
160,L026,12
160,L026,10
160,I020,11
160,L072,7
160,I015,8
160,L070,8
160,I004,9
160,L055,13
160,L065,5
160,L366,19
162,Ex002,0
162,Ex050,0
162,I018,0
162,L065,3
162,L061,0
162,I022,0
162,L265,0
164,L192,0
164,L072,8
164,L238,0
164,L238,0
164,L052,0
164,L255,0
164,L047,0
164,L233,0
164,L094,0
164,L218,0
165,213,8
165,L228,0
165,L228,0
165,L098,0
165,I001,0
165,L243,0
166,011,4
166,011,7
166,014,10
166,I004,8
166,L028,12
166,I017,13
166,I008,10
166,L026,11
166,L026,4
166,L097,19
167,076,2
167,L149,0
167,L195,0
167,L195,2
167,L160,1
167,L061,6
167,L183,7
167,L153,13
167,I021,0
167,I021,4
167,I021,13
168,L061,2
169,I016,9
169,I016,18
169,I016,8
169,I024,12
169,L322,17
170,076,4
170,L160,4
170,L197,6
170,L198,14
171,011,0
171,011,2
171,001,1
171,L028,3
171,L028,4
171,L026,0
171,L026,10
171,L026,1
172,072,20
172,L066,7
172,L199,7
172,L195,11
172,L038,0
172,I017,17
173,L061,0
173,I023,0
173,L118,0
173,L209,0
173,L030,6
174,084,0
174,178,13
174,191,0
174,150,0
174,044,22
174,045,22
174,099,19
174,160,19
174,Ex002,0
174,L083,0
174,I017,7
174,I017,12
174,L046,0
174,L046,0
174,L072,16
174,I022,0
175,109,11
175,A236,2
175,I006,10
175,L239,2
176,145,10
176,L229,11
176,L229,3
176,L130,19
177,L061,0
177,L195,0
177,L200,17
177,L108,15
178,091,2
178,L026,11
178,I020,11
178,I017,12
178,I004,1
178,L073,17
179,047,0
179,047,0
179,014,1
179,014,8
179,014,4
179,Ex025,23
179,Ex025,19
179,150,8
179,063,1
179,063,4
179,A054,22
179,083,1
179,L032,0
179,L032,11
179,L032,3
179,L032,6
179,I022,4
179,T001,5
179,I008,8
179,L099,21
179,L097,13
179,I020,10
179,L089,8
180,200,5
180,L048,4
180,L046,8
181,L154,7
181,L154,17
181,I022,11
181,L230,13
181,I021,14
181,L104,16
182,134,18
182,218,12
182,L075,11
182,I001,14
182,L095,15
182,L118,17
182,L209,24
183,072,8
183,L066,6
184,081,11
184,081,7
184,L051,7
185,114,0
185,L033,0
185,I003,0
185,I003,8
185,I003,0
185,L231,2
185,L242,0
186,144,7
186,I014,0
186,I014,12
186,I014,0
186,L226,7
186,L212,15
186,L212,23
187,L077,11
187,L322,17
187,L080,2
187,T001,9
187,L214,24
187,I015,24
187,L056,14
188,151,18
188,001,8
188,171,9
188,L028,9
188,L071,12
188,L070,12
188,I008,20
188,L201,14
189,I009,0
189,I009,4
189,I009,1
190,200,10
190,L328,10
191,128,16
191,Ex027,0
191,L046,0
191,I013,0
191,L161,0
192,A146,12
192,142,9
192,L071,9
192,L026,13
192,L197,14
193,134,19
193,Ex004,0
193,Ex039,0
193,I022,0
193,I022,0
193,I022,0
193,I022,12
193,L136,0
193,L230,0
193,L097,14
193,L097,14
193,I001,0
194,215,9
194,215,2
194,215,0
194,162,10
194,I019,4
194,I019,11
194,L065,9
194,L065,15
194,L144,0
194,L287,15
195,173,6
195,I018,10
195,I018,10
195,I023,6
195,L177,8
195,L148,9
195,L204,14
195,L205,16
195,L200,23
195,L206,19
196,043,4
196,OUT922,0
196,L154,0
196,L154,7
196,I013,0
196,I016,2
196,I016,4
196,L094,1
196,I022,3
196,L061,6
196,L108,18
197,114,0
197,114,0
197,L223,0
198,L032,0
198,L372,18
198,L146,0
199,A109,21
199,I008,13
200,Ex005,0
200,L048,0
200,L048,0
200,L033,0
200,I013,0
202,084,5
202,151,0
202,151,5
202,150,14
202,014,14
202,I008,8
202,I008,9
202,I009,9
202,I009,9
202,L026,11
202,L026,9
202,L070,17
202,L070,11
202,L070,5
202,L213,5
202,L044,21
203,145,6
203,145,9
203,145,3
203,145,12
203,062,8
203,A016,12
203,Ex082,20
203,I005,12
203,I005,7
203,I005,13
203,L120,3
203,L120,11
203,L120,13
203,I016,14
203,L162,14
203,L361,19
204,L264,13
205,091,7
205,091,15
205,107,11
205,107,16
205,050,21
205,L051,12
205,L026,12
205,L042,13
205,I004,14
205,I004,7
205,L056,24
205,L311,19
206,202,12
206,L070,12
208,Ex018,0
208,Ex018,0
208,044,12
208,I022,4
208,L082,11
208,I018,10
208,I018,16
209,Ex017,0
209,Ex017,0
209,A012,15
209,A013,9
209,A014,15
209,L080,2
209,L081,14
209,,0
210,114,8
210,L030,9
210,L078,11
210,L232,12
212,L247,0
213,Ex015,0
213,EX003,0
213,Ex016,0
213,L100,0
213,I007,2
213,L098,0
214,218,5
214,I021,7
214,I021,0
214,I021,7
214,L207,0
214,L208,5
214,I022,5
214,I022,12
214,I022,19
214,L093,6
215,Ex007,0
215,Ex007,0
215,173,0
215,194,2
215,I019,7
215,L026,20
215,L097,0
215,L097,0
215,L144,0
216,L051,5
216,L051,21
217,Ex014,0
217,I014,0
218,157,6
218,141,14
218,I001,2
218,L093,6
218,L153,0
218,L209,0
218,L138,0
218,L177,0
218,L090,12
218,L032,14
219,I001,0
219,L093,7
219,L183,0
219,L183,14
220,164,0
220,219,0
221,L064,18
221,L089,5
221,L153,0
221,I001,1
221,I021,2
221,L061,3
221,L210,14
222,L077,11
222,L088,13
222,L044,8
222,T001,14
222,L274,13
223,Ex012,0
223,I024,0
223,I024,11
223,L075,0
224,L061,2
224,L028,4
224,I022,8
225,L090,3
225,L090,0
225,L082,0
225,I022,0
225,L146,0
Ex001,139,0
Ex001,139,0
Ex001,L146,0
Ex001,L225,22
Ex001,T001,0
Ex002,Ex104,0
Ex002,L226,0
Ex002,L362,0
Ex002,I022,0
EX003,L032,0
EX003,L032,0
EX003,L032,0
A001,217,8
A001,I014,7
A001,I014,12
A001,I014,23
A001,L108,15
A004,043,9
A004,142,17
A004,L202,5
A004,L202,9
A004,L151,2
A004,T001,7
A004,L026,14
A004,I016,13
A004,L054,14
A004,L203,20
A004,I017,20
A003,OUT005,22
A003,064,23
A003,OUT161,16
A003,OUT180,9
A003,OUT475,21
A003,L037,19
A003,L037,5
Ex004,Ex034,0
Ex004,L075,0
Ex004,L075,0
Ex004,L075,0
Ex004,I001,0
Ex004,L233,0
Ex005,L048,0
Ex005,L048,0
Ex005,L047,0
Ex006,Ex010,0
Ex006,L038,0
Ex006,L038,0
Ex006,L038,0
Ex006,L238,0
Ex007,L233,0
Ex007,L075,0
Ex007,L075,0
Ex007,L209,0
Ex007,I022,0
Ex007,L097,0
Ex007,L097,0
Ex008,219,0
Ex008,L108,11
Ex008,L061,0
Ex008,L226,0
Ex008,L209,0
Ex008,L233,0
A005,046,12
A005,046,9
A005,I001,9
A005,I001,15
A005,I001,12
A005,I001,12
A006,002,8
A006,002,12
A006,221,20
A006,L027,15
A006,,8
Ex009,Ex014,0
Ex009,I022,0
Ex009,L094,0
Ex009,L061,0
Ex009,L061,9
A007,214,11
A007,214,12
A007,OUT918,13
A007,I021,12
A007,L175,17
Ex010,Ex002,0
Ex010,L038,0
Ex010,L038,0
Ex011,L202,0
Ex011,L108,24
Ex011,L032,6
Ex011,I001,0
Ex011,L034,10
A009,Ex024,0
A009,Ex002,0
A009,I013,2
A009,L031,0
Ex012,L061,0
Ex012,L075,0
Ex013,L032,0
Ex013,L032,7
Ex013,L200,14
A010,115,14
A010,I017,14
A010,I007,14
A011,218,12
A011,218,23
A011,134,23
A011,L075,17
A011,L075,16
A011,I001,12
A011,I001,15
A011,L152,16
A011,L048,17
A011,L044,18
A011,L037,19
Ex014,I022,0
Ex014,I022,0
Ex014,L233,0
Ex014,L177,0
Ex014,I004,0
Ex014,L094,0
Ex015,L098,0
Ex016,L192,0
Ex016,L099,0
Ex017,L079,0
A015,I015,0
Ex019,200,0
Ex019,L120,0
Ex019,L099,0
Ex019,L252,0
Ex019,I013,0
Ex019,L154,6
A016,145,9
A016,L120,9
A016,I005,13
A018,L081,0
A018,L153,0
A018,L163,5
A019,L138,11
A020,A005,19
A020,A061,13
A020,049,23
A020,A303,17
A020,A309,19
A020,I022,21
A020,L075,12
A020,T001,8
A021,182,12
A021,134,9
A021,218,12
A021,I001,9
A023,L270,13
A022,054,12
A022,A038,22
A022,Ex025,22
A022,A011,16
A022,L230,16
A022,L075,12
A022,L053,15
A022,L034,24
A022,L032,22
A024,L101,23
A024,I004,12
A036,031,9
A036,L043,9
A036,L148,0
A025,L047,12
A026,084,6
A026,151,19
A026,L070,16
A026,L070,6
A027,108,15
A027,I002,15
A027,I002,18
A027,L075,21
A028,A170,23
A028,L034,0
A028,L053,2
A028,I022,6
A028,L164,6
A028,L118,11
A029,031,10
A029,A041,21
A029,L043,10
A029,L295,17
A029,L359,19
A030,I014,13
A031,A015,0
A031,I015,0
A031,L214,11
A032,A033,0
A032,A061,4
A032,083,4
A032,L102,12
A032,L076,0
A032,L044,2
A032,L032,3
A032,L127,5
A032,L075,8
A032,L075,4
A033,A061,4
A033,083,4
A033,A032,7
A033,L032,3
A033,L075,5
A033,L102,14
A033,L102,12
A033,L076,0
A033,L165,0
A033,L166,1
A033,L166,7
A033,L044,9
A034,L103,0
A034,L104,15
A034,L149,0
A037,162,11
A037,A006,22
A037,A006,19
A037,221,19
A037,I021,17
A037,I021,15
A037,L105,22
A037,L065,11
A037,L197,17
A038,179,14
A038,085,18
A038,Ex025,22
A038,I001,18
A038,L044,20
A038,L032,14
A038,L032,18
A038,L150,18
A039,A251,15
A039,L168,14
A039,L160,18
A039,L103,18
A039,I023,21
A040,031,12
A040,114,21
A040,L043,12
A040,L063,21
A041,A029,21
A041,L215,16
A042,Ex001,0
A042,L061,0
A042,L061,0
A042,L195,2
A042,T001,0
A043,A059,0
A044,L107,0
A044,I020,0
A044,L108,13
A044,L108,17
A046,014,10
A047,A142,12
A047,L110,12
A047,I013,16
A047,L030,24
A047,L109,21
A048,154,7
A048,154,17
A048,L111,7
A048,L292,9
A049,041,16
A049,L038,16
A050,A178,18
A050,A335,18
A050,L244,15
A051,L112,16
A051,L233,1
A051,I004,10
A052,071,21
A052,Ex041,11
A052,L153,12
A052,L066,19
A052,L031,16
A052,L277,10
A053,040,24
A053,L104,16
A053,L154,9
A054,Ex025,23
A054,179,23
A054,179,11
A054,L032,10
A054,L032,17
A054,I017,15
A054,L044,19
A054,L113,24
A054,I004,22
A055,L173,9
A055,L174,13
A056,043,17
A056,L062,6
A057,099,16
A057,099,14
A057,178,13
A057,A109,21
A057,199,21
A057,I017,14
A058,031,9
A058,A036,9
A058,L115,16
A058,L043,19
A058,L043,1
A058,L043,9
A059,L107,0
A059,L116,0
A059,L116,0
A060,Ex002,0
A060,L093,0
A060,L093,0
A061,083,5
A061,083,10
A061,083,7
A061,083,23
A061,A033,7
A061,A032,7
A061,L075,0
A061,L075,0
A061,L061,15
A061,L150,4
A061,L150,11
A061,L032,20
A062,022,15
A062,022,20
A062,L034,15
A062,L034,18
A062,I021,20
A063,L043,12
A063,L043,0
A064,A018,8
A064,L029,13
A066,L048,14
A066,L119,21
A068,L179,0
A068,L179,0
A069,L120,4
A069,L120,14
082,T001,0
082,T001,2
A071,I002,17
A071,L121,23
A071,L121,17
A072,A018,10
A072,L091,23
A073,114,6
A073,L122,18
A073,L215,6
A075,L061,16
A076,Ex019,0
A076,L123,0
A076,L123,6
A076,I013,0
A079,L267,13
A080,I018,13
A080,L268,13
A081,I021,14
A081,L182,17
A082,A100,13
A082,L125,0
A083,Ex061,0
A083,L037,0
A085,032,9
A085,166,13
A085,166,16
A085,I017,12
A085,L127,16
A085,L044,9
A085,L274,14
A087,108,13
A088,OUT009,20
A088,L128,8
A088,L129,19
A088,L186,12
A088,L181,24
A089,A142,13
A089,L110,13
A089,I024,16
A090,L130,4
A090,L131,2
A090,L132,19
A090,L233,0
A090,L289,0
A091,145,18
A091,145,21
A092,134,14
A092,134,22
A092,044,23
A092,A011,17
A092,I021,13
A092,L367,17
A092,L091,19
A093,179,15
A093,199,22
A093,083,15
A093,026,17
A093,L032,14
A093,I025,19
A093,L038,17
A093,L129,20
A093,I008,16
A095,L067,16
A095,L044,0
A095,L146,0
A095,I001,1
A095,L189,2
A095,L190,7
A095,L075,21
A096,A136,17
A096,L125,0
A097,OUT097,17
A097,086,4
A098,L133,22
A100,A137,9
A100,L125,22
A100,L125,9
A101,L134,9
A101,I013,12
A101,L040,16
A101,L040,14
A101,L077,16
A101,L097,23
A102,Ex012,0
A102,L075,0
A102,L075,0
A102,L075,0
A102,L191,5
A102,L191,5
A102,L044,0
A104,A014,11
A105,I017,5
A106,191,8
A106,044,14
A106,I018,14
A106,I018,14
A106,L293,16
A106,L281,5
A106,I013,8
A106,L323,8
A106,L228,10
A106,L324,11
A106,L175,15
A106,L200,17
A106,L325,20
A106,L326,23
A108,114,10
A109,160,14
A109,I017,12
A109,L055,13
A109,I008,15
A109,L038,15
A109,L071,17
A111,Ex017,9
A111,L079,9
A112,164,2
A112,L192,2
A112,L192,2
A112,L193,8
A113,L179,11
A113,L176,15
A113,L194,16
A116,129,10
A116,L136,10
A116,L046,14
A116,L137,21
A117,Ex017,5
A117,A111,12
A118,A096,17
A118,A131,17
A118,A136,17
A119,L033,0
A119,L038,0
A119,L048,4
A119,L138,20
A119,I001,0
A119,L139,19
A120,L226,0
A120,I016,0
A121,209,7
A121,209,10
A122,127,15
A122,L139,19
A122,L030,15
A123,A061,20
A123,222,18
A123,222,17
A123,T001,15
A123,I001,19
A123,I001,23
A123,L032,18
A124,Ex017,0
A124,A111,15
A124,L079,14
A124,L079,20
A125,I001,7
A125,L147,19
A125,L147,8
A125,T001,11
A125,T001,14
A126,086,0
A126,086,0
A126,OUT137,6
A126,OUT072,14
A126,L037,0
A126,L431,0
A126,L470,0
A126,L469,0
A127,154,14
A127,154,12
A127,L240,14
A127,L240,19
A127,L193,17
A127,L241,21
A130,001,5
A130,225,0
A130,L090,9
A130,L286,15
A131,A074,1
A131,A136,2
A131,A136,5
A131,A136,17
A131,A096,12
A131,A096,17
A131,L125,15
A131,L125,1
A132,L246,0
A132,L246,5
A133,A059,15
A133,L360,17
A133,L116,15
A134,L140,0
A134,L141,13
A135,A059,0
A135,L281,0
A136,A100,8
A136,A131,0
A136,L125,8
A136,L125,1
A137,114,10
A137,L218,11
A139,Ex005,0
A139,Ex005,22
A139,225,13
A139,A141,16
A139,A144,24
A139,L142,0
A139,L063,12
A139,L048,3
A139,L033,0
A140,L058,5
A141,L115,0
A141,L115,0
A141,L131,0
A142,L061,0
A142,L110,1
A142,I017,21
A143,A134,16
A143,Ex016,0
A143,129,13
A143,L032,0
A143,I009,0
A144,121,5
A144,121,18
A144,A139,23
A144,L128,0
A144,L113,0
A144,L143,0
A144,L144,9
A144,L145,13
A144,L120,0
A144,L051,19
A144,I016,19
A145,T001,0
A145,L195,0
Ex025,179,13
Ex025,166,24
Ex025,A054,18
Ex025,L032,16
Ex025,L032,13
Ex025,L321,24
Ex025,L302,23
OUT001,011,0
OUT001,001,0
OUT001,171,0
OUT001,L026,0
OUT002,011,0
OUT002,OUT001,0
OUT002,171,0
OUT002,L026,0
OUT002,L308,3
Ex026,193,0
Ex026,Ex041,0
Ex026,I001,0
Ex026,I001,0
Ex026,I022,0
Ex026,L099,0
Ex026,L044,0
Ex026,L044,0
OUT003,I001,4
OUT003,L146,7
OUT003,L097,9
OUT003,L061,16
OUT003,T001,19
OUT004,081,13
OUT004,216,13
OUT004,103,15
OUT004,072,16
OUT004,L233,19
OUT004,L051,13
OUT004,L067,16
OUT004,L042,15
OUT005,L037,15
OUT005,L331,15
OUT006,218,14
OUT006,I001,14
OUT006,L044,21
OUT006,L076,17
OUT006,L026,19
Ex029,L363,0
Ex029,L364,0
Ex030,EX003,0
Ex030,OUT206,0
Ex030,L253,0
Ex030,L032,0
Ex030,L394,0
Ex030,L394,0
Ex030,L061,0
Ex030,L061,0
Ex030,L075,0
Ex031,I022,0
Ex031,L043,0
EX032,L233,0
EX032,L233,0
Ex033,Ex035,0
Ex033,057,0
Ex033,L048,0
Ex034,Ex038,0
Ex034,I001,0
Ex034,L094,0
Ex034,L233,0
Ex034,I022,0
Ex035,Ex047,0
Ex035,076,0
Ex035,L249,0
Ex035,L178,0
Ex036,Ex035,0
Ex036,L062,0
Ex039,Ex026,0
Ex039,I001,0
Ex040,L048,0
Ex041,Ex026,0
Ex041,I001,0
Ex041,I001,0
Ex041,L044,0
Ex041,L226,0
Ex041,T001,0
Ex041,L225,0
Ex041,L160,0
Ex042,Ex043,0
Ex042,L240,0
Ex042,L248,0
Ex043,L120,0
Ex044,L395,0
Ex045,Ex002,0
Ex045,L154,0
Ex045,L120,0
Ex045,I022,0
Ex047,L249,0
Ex047,L178,0
Ex047,L358,0
Ex048,L254,0
Ex049,L233,0
Ex049,T001,0
Ex049,L061,0
Ex050,Ex056,0
Ex050,Ex095,0
Ex050,I022,2
Ex050,L061,0
Ex050,L061,0
Ex050,L061,0
Ex052,Ex035,0
Ex052,Ex031,0
Ex052,Ex049,0
Ex052,L061,0
Ex052,L061,5
Ex052,L255,0
Ex052,L043,0
Ex052,L233,0
Ex052,L093,0
Ex053,L364,0
Ex055,EX003,0
Ex055,L032,0
Ex055,T001,0
Ex055,I022,0
Ex055,L243,0
Ex055,L398,0
Ex055,L204,9
Ex055,L038,0
Ex056,Ex095,0
Ex056,T001,0
Ex111,L153,0
Ex111,L149,0
Ex111,L149,13
Ex111,I026,0
Ex111,I026,0
Ex111,L134,7
Ex057,L256,0
Ex057,L235,0
Ex057,L048,0
OUT007,Ex002,0
OUT007,L146,0
OUT007,I022,0
OUT007,L118,7
OUT007,L073,5
Ex058,A059,0
Ex058,L107,0
Ex059,L401,0
Ex059,L215,0
A146,142,11
A146,089,11
A146,L071,13
A147,009,9
A147,L031,9
A147,L158,19
A147,L314,11
A149,L278,17
A149,L061,0
A153,I005,0
A154,L108,17
A159,L302,15
A159,I023,12
A160,L303,14
A165,OUT566,10
A165,L306,11
A165,L178,0
A165,I013,1
A165,L312,2
A165,I022,3
A165,L313,3
A165,L044,6
A165,I001,9
A166,L307,11
A167,L061,22
A168,L202,6
A170,022,13
A172,A325,20
A172,L202,18
A172,L061,5
A172,L061,9
A172,L044,12
A173,L306,14
A177,028,16
A177,L042,18
A177,I001,20
A177,L315,21
A177,L034,15
A178,L176,18
A178,I021,15
A180,L095,12
A184,L287,15
A184,L076,8
A184,I017,18
A188,A063,13
A188,A029,18
A188,126,4
A188,L295,14
A188,L268,0
A188,L268,0
A188,L329,4
A188,L065,6
A188,L065,20
A188,L047,24
A189,150,11
A189,I008,10
A193,L215,12
A194,L274,16
A194,L146,7
A194,L110,11
A194,L110,13
A194,L053,9
A195,102,18
A195,I008,18
A196,L145,18
A196,I016,17
A197,148,11
A198,091,16
A198,107,16
A198,I004,16
A201,OUT009,13
A203,L145,19
A203,L321,22
A204,044,7
A206,L318,20
A206,L026,17
A206,L056,24
A208,218,12
A208,166,16
A208,134,13
A208,I017,17
A208,I001,13
A208,L097,15
A208,L367,20
A209,181,18
A209,196,13
A209,L200,18
A210,L197,9
A210,L179,12
A212,042,16
A212,081,15
A214,L136,13
A214,L052,10
A214,L097,12
A214,L336,18
A214,L337,18
A214,L072,20
A216,091,12
A216,I017,19
A216,L055,16
A217,A315,13
A217,L338,11
A217,L339,15
A217,L340,15
A217,L341,15
A217,L043,20
A218,A266,18
A219,L342,13
A219,L342,18
A219,L072,16
A219,L343,22
A221,044,17
A221,L139,24
A222,I016,20
A224,A011,21
A224,L032,13
A224,L228,13
A224,L151,17
A226,179,17
A227,142,14
A228,083,20
A228,L243,17
A228,L032,20
A228,I008,22
A230,084,11
A230,151,11
A231,179,12
A232,L349,3
A232,L349,10
A233,L056,7
A233,L056,22
A233,L095,19
A233,L350,21
A234,L103,15
A234,I017,8
A234,L351,11
A234,L230,12
A235,173,13
A235,I023,19
A235,L181,24
A236,L233,0
A236,L239,0
A238,L032,17
A239,053,24
A239,L075,24
A240,L365,22
A243,179,19
A243,Ex025,21
A243,L032,19
A244,L295,24
A244,L026,9
A244,L064,21
A244,L355,21
A244,I001,23
A245,036,12
A249,L233,0
A249,L108,4
A250,I016,20
A251,218,11
A251,A011,12
A251,L168,14
A251,I001,7
A251,I001,6
A251,L209,9
A251,L356,15
A252,022,13
A252,A011,17
A252,Ex025,21
A252,L075,10
A252,L164,16
A252,I022,14
A252,I001,14
A256,A011,16
A256,L075,17
A256,L075,19
A256,L230,20
A256,L044,21
A258,A011,15
A258,L075,14
A258,I021,18
A258,L169,20
A258,L056,22
A258,L209,15
A258,L032,24
A259,A232,20
A263,117,10
A265,103,19
A268,203,12
A269,014,15
A272,086,14
A273,002,15
A274,A020,11
A275,008,17
A275,A242,18
A277,203,12
A278,142,21
A278,L026,21
A280,179,18
A280,A054,19
A280,193,21
A282,114,15
A282,200,15
A282,023,15
A282,008,15
A284,A104,20
A284,133,12
A285,145,15
A285,114,12
A286,A198,21
A286,150,18
A286,091,16
A288,175,13
A290,OUT005,13
A290,L331,15
A292,042,20
A294,073,10
A294,178,7
A294,091,12
A294,L055,13
A294,L366,19
A294,L057,8
A297,A005,16
A297,A313,20
A297,I001,15
A298,147,21
A301,A092,20
A302,Ex005,0
A303,A189,16
A304,OUT009,13
A305,142,16
A308,A218,23
A309,179,17
A309,A323,20
A310,A335,18
A310,A286,22
A310,A198,22
A310,089,19
A312,216,19
A313,A029,19
A313,218,24
A322,089,16
A322,A227,18
A323,A011,18
A323,214,21
A326,218,19
A327,A209,20
A327,181,12
A329,A293,14
A331,086,11
A332,A061,15
A332,083,15
A332,A022,18
A332,173,12
A335,192,15
A335,A178,18
A335,089,18
A335,142,18
A335,011,11
A336,191,21
A336,A198,22
A336,A286,22
A337,108,18
A337,I001,18
A337,L372,13
A338,134,13
OUT010,A011,18
OUT010,L044,22
Ex061,L369,0
Ex061,L370,0
OUT011,OUT237,0
OUT011,OUT244,21
OUT011,A248,23
OUT011,OUT134,17
OUT011,L037,0
OUT011,L037,0
OUT011,L037,0
OUT011,L212,2
OUT011,L262,13
OUT019,L396,18
OUT018,164,0
OUT018,145,0
OUT018,L192,0
OUT018,I022,11
OUT018,L312,2
OUT018,I013,4
OUT018,L349,6
OUT018,L399,7
OUT018,L400,9
OUT018,L046,13
OUT018,L201,16
OUT017,084,0
OUT017,L233,0
OUT017,L233,0
OUT017,L248,0
OUT017,L403,0
OUT017,L032,0
OUT017,L098,0
OUT017,L404,0
OUT014,L127,0
OUT014,L127,0
OUT014,L233,0
OUT013,060,0
OUT013,L062,0
OUT013,L062,2
OUT013,L407,14
OUT021,L094,0
OUT021,L094,0
OUT021,L094,10
OUT021,L402,0
OUT021,L402,0
OUT021,L108,9
OUT022,Ex002,0
OUT022,OUT017,2
OUT022,L233,0
OUT022,L408,0
OUT022,L409,0
OUT022,L410,0
OUT022,I002,0
OUT022,L411,0
OUT042,L233,0
OUT042,L413,0
OUT042,L097,0
OUT047,114,7
OUT047,L427,17
OUT054,200,6
OUT054,L215,9
OUT056,114,10
OUT057,L235,6
OUT058,001,4
OUT058,A144,23
OUT058,A139,23
OUT059,L047,11
OUT060,114,9
OUT060,I013,13
OUT060,I013,13
OUT060,L215,9
OUT060,L185,17
OUT061,200,4
OUT063,162,6
OUT063,L428,6
OUT064,OUT249,1
OUT064,L394,1
OUT064,L394,9
OUT065,219,6
OUT067,218,5
OUT067,134,5
OUT067,L289,3
OUT067,L372,7
OUT067,I013,21
OUT068,218,5
OUT068,I001,4
OUT068,L274,5
OUT068,L176,14
OUT068,L176,19
OUT070,OUT125,20
OUT070,L365,16
OUT071,OUT095,17
OUT071,L430,11
OUT071,L430,15
OUT072,OUT137,11
OUT072,A126,17
OUT072,L037,11
OUT072,L429,14
OUT072,L429,21
OUT072,L431,23
OUT073,L047,22
OUT073,L033,22
OUT073,I026,22
OUT074,086,15
OUT074,OUT083,15
OUT074,L432,23
OUT075,OUT005,24
OUT075,A290,24
OUT075,L433,5
OUT075,L416,8
OUT075,L416,8
OUT075,L390,10
OUT076,OUT005,14
OUT076,L434,14
OUT076,L365,17
OUT076,L435,20
OUT077,OUT175,10
OUT077,OUT176,10
OUT077,OUT177,10
OUT077,OUT178,10
OUT077,L436,21
OUT078,OUT114,17
OUT078,A071,24
OUT078,L393,11
OUT078,L393,15
OUT079,L438,10
OUT080,173,13
OUT080,A235,13
OUT080,I023,12
OUT080,I023,12
OUT080,I009,6
OUT080,L118,10
OUT081,A097,17
OUT081,OUT097,17
OUT081,OUT142,20
OUT081,L391,23
OUT082,OUT225,17
OUT082,OUT135,10
OUT082,OUT131,13
OUT082,086,13
OUT082,L037,14
OUT083,086,11
OUT083,OUT074,15
OUT083,L037,16
OUT085,L482,16
OUT085,L416,16
OUT087,OUT090,21
OUT087,098,19
OUT087,L062,6
OUT087,L435,15
OUT087,L435,15
OUT088,L075,0
OUT088,L439,0
OUT089,A339,14
OUT089,L390,14
OUT089,L390,18
OUT090,OUT076,23
OUT090,L435,17
OUT093,OUT103,12
OUT093,L442,15
OUT093,L442,21
OUT096,002,16
OUT096,L029,13
OUT096,L029,17
OUT096,L443,20
OUT097,OUT142,20
OUT097,L391,16
OUT099,OUT110,14
OUT099,I026,5
OUT099,L392,8
OUT099,L392,11
OUT099,L444,24
OUT100,L446,19
OUT101,OUT135,17
OUT102,026,14
OUT102,L038,15
OUT103,OUT115,17
OUT103,L435,0
OUT103,L448,0
OUT103,I026,0
OUT103,L442,12
OUT104,A097,17
OUT104,OUT081,17
OUT104,OUT086,17
OUT104,OUT097,17
OUT104,OUT142,17
OUT104,L391,17
OUT106,OUT171,10
OUT106,OUT078,14
OUT106,L365,0
OUT106,L393,1
OUT107,086,14
OUT107,L449,16
OUT108,L442,17
OUT108,L442,21
OUT108,L442,23
OUT109,OUT106,16
OUT109,L393,16
OUT109,L393,20
OUT110,L392,13
OUT110,L452,22
OUT111,064,14
OUT111,OUT076,15
OUT111,L365,13
OUT111,L365,16
OUT112,L442,13
OUT112,L454,15
OUT114,L393,22
OUT121,L391,14
OUT125,OUT005,16
OUT125,L365,0
OUT125,L365,0
OUT125,L365,19
OUT125,L455,0
OUT128,OUT078,17
OUT128,OUT114,17
OUT128,L456,18
OUT128,L393,20
OUT129,OUT237,0
OUT129,OUT157,2
OUT129,L037,0
OUT131,086,10
OUT131,OUT137,13
OUT131,L037,10
OUT131,L458,15
OUT131,L457,13
OUT131,L287,22
OUT135,OUT131,14
OUT135,L037,0
OUT135,L457,11
OUT135,L459,20
OUT135,L458,15
OUT136,L329,14
OUT137,086,6
OUT137,OUT072,14
OUT137,A126,1
OUT137,L037,1
OUT137,L037,5
OUT137,L037,12
OUT137,L037,24
OUT139,L220,4
OUT139,L476,23
OUT140,L442,17
OUT140,L442,22
OUT141,OUT106,11
OUT141,OUT078,14
OUT141,L460,10
OUT141,L393,11
OUT141,L393,16
OUT141,L393,23
OUT143,OUT103,15
OUT144,046,13
OUT144,A297,18
OUT144,A005,14
OUT144,OUT297,20
OUT144,L149,9
OUT144,L149,12
OUT144,I001,14
OUT144,I001,18
OUT145,A235,13
OUT145,I023,12
OUT145,I023,16
OUT145,L461,22
OUT146,I026,17
OUT147,135,17
OUT091,014,13
OUT091,L378,10
OUT091,L378,14
OUT091,L072,12
OUT091,L398,17
OUT091,I004,21
OUT148,L457,13
OUT148,L459,21
OUT148,L462,13
OUT149,A079,14
OUT149,L463,22
OUT150,L365,1
OUT150,L212,6
OUT150,L212,23
OUT151,OUT150,12
OUT151,L212,14
OUT152,L464,15
OUT153,L220,24
OUT154,135,10
OUT155,149,10
OUT156,149,10
OUT157,L037,3
OUT157,L465,23
OUT158,L466,23
OUT159,OUT184,17
OUT159,L236,22
OUT159,L432,24
OUT160,L037,10
OUT160,L467,20
OUT161,L037,8
OUT161,L468,11
OUT162,L037,7
OUT162,L459,20
OUT162,L462,24
OUT164,L037,0
OUT164,L037,0
OUT164,L365,0
OUT164,L212,6
OUT164,L212,15
OUT165,OUT131,10
OUT166,L469,0
OUT166,L469,0
OUT166,L470,3
OUT166,L389,14
OUT168,L114,7
OUT169,L037,9
OUT169,L037,20
OUT169,L212,12
OUT171,L416,0
OUT171,L416,0
OUT171,L062,0
OUT171,L062,0
OUT171,L417,0
OUT171,L417,0
OUT173,200,9
OUT175,OUT176,10
OUT177,OUT175,10
OUT177,OUT176,10
OUT178,OUT175,10
OUT178,OUT176,10
OUT178,OUT177,10
OUT179,L472,0
OUT179,L473,0
OUT179,L037,0
OUT179,L416,0
OUT180,086,9
OUT180,L037,9
OUT182,OUT181,11
OUT182,OUT183,11
OUT182,L474,5
OUT183,OUT181,11
OUT183,L474,11
OUT186,117,10
OUT186,A263,10
OUT187,OUT129,11
OUT187,OUT112,7
OUT187,L442,0
OUT187,L442,0
OUT188,L037,6
OUT188,L475,9
OUT191,L476,0
OUT191,L476,14
OUT191,L220,0
OUT193,OUT191,10
OUT193,L220,10
OUT193,L476,15
OUT193,L476,18
OUT196,OUT179,0
OUT199,OUT196,22
OUT199,L390,18
OUT203,L472,19
OUT205,A011,17
OUT205,054,16
OUT205,218,16
OUT205,053,12
OUT205,OUT251,22
OUT205,L075,16
OUT205,L477,19
OUT205,L413,19
OUT214,OUT014,0
OUT214,A085,16
OUT214,OUT372,4
OUT214,OUT248,12
OUT214,OUT257,12
OUT214,A033,12
OUT214,A032,12
OUT214,A288,18
OUT214,OUT441,1
OUT214,OUT250,17
OUT214,L075,0
OUT214,L377,3
OUT214,L127,3
OUT219,A219,17
OUT219,L072,17
OUT219,L479,21
OUT219,L480,22
OUT219,L481,23
OUT225,L365,0
OUT225,L212,18
OUT226,A011,15
OUT226,A227,18
OUT226,A322,18
OUT226,L075,15
OUT226,L367,18
OUT230,A258,18
OUT230,A208,19
OUT230,147,21
OUT230,L099,23
OUT230,L099,22
OUT230,L055,18
OUT230,I001,21
OUT230,L366,20
OUT230,L056,22
OUT230,I021,19
OUT232,A102,17
OUT232,L191,17
OUT232,I008,21
OUT238,OUT237,0
OUT238,L364,0
OUT238,L037,0
OUT245,OUT231,7
OUT245,OUT262,13
OUT245,OUT257,19
OUT245,L077,11
OUT245,I022,9
OUT245,I020,6
OUT246,L136,5
OUT246,L136,22
OUT247,A061,9
OUT247,OUT287,14
OUT247,L075,9
OUT247,L375,13
OUT247,L041,15
OUT248,OUT249,3
OUT248,T001,3
OUT250,OUT213,3
OUT250,L363,3
OUT250,L075,7
OUT250,L075,9
OUT252,L378,4
OUT252,L378,5
OUT252,L378,17
OUT253,OUT388,0
OUT253,OUT263,2
OUT253,A061,4
OUT253,OUT360,6
OUT253,Ex091,5
OUT253,OUT207,7
OUT253,083,10
OUT253,OUT248,12
OUT253,OUT250,13
OUT253,A323,16
OUT253,A020,17
OUT253,A288,19
OUT253,A085,20
OUT253,T001,0
OUT253,L166,0
OUT253,L075,0
OUT253,L075,0
OUT253,L377,0
OUT253,L127,0
OUT255,L379,16
OUT255,L034,12
OUT256,L379,13
OUT256,L379,13
OUT256,L034,3
OUT256,T001,2
OUT257,L137,11
OUT257,L097,2
OUT258,L032,7
OUT258,L032,1
OUT261,L380,0
OUT262,OUT476,13
OUT262,A020,14
OUT262,A303,16
OUT262,063,12
OUT262,A338,16
OUT262,OUT251,18
OUT262,A309,19
OUT262,A332,20
OUT262,A179,22
OUT262,L172,0
OUT262,I020,0
OUT263,L266,0
OUT263,I004,0
OUT263,I004,0
OUT263,L127,0
OUT263,L377,0
OUT263,L381,10
OUT264,Ex007,0
OUT264,L097,0
OUT264,L136,0
OUT264,L382,0
OUT264,L209,0
OUT264,I020,0
OUT264,L061,14
OUT267,L385,0
OUT267,L178,0
OUT267,L178,9
OUT274,L233,3
OUT274,L386,8
OUT275,L055,7
OUT276,L388,1
OUT288,OUT264,11
OUT288,A170,17
OUT288,I020,11
OUT288,L047,15
OUT288,L483,15
OUT288,L077,17
OUT288,L484,19
OUT293,OUT347,24
OUT293,L485,17
OUT293,L174,20
OUT295,L103,13
OUT297,A297,20
OUT298,L486,0
OUT298,I020,4
OUT299,099,14
OUT299,174,18
OUT116,A011,24
OUT116,OUT486,22
OUT116,L075,18
OUT116,L351,22
OUT328,011,0
OUT328,L026,0
OUT328,L032,1
OUT045,A011,19
OUT045,L075,17
OUT045,L032,21
OUT045,L034,22
OUT045,L441,24
Ex062,L127,0
Ex062,L394,0
Ex063,EX003,0
Ex063,I007,0
Ex063,I007,0
Ex063,I007,0
Ex063,L405,0
Ex063,L405,0
Ex063,L044,0
Ex063,L081,0
Ex063,L081,10
Ex064,L406,0
Ex064,L048,0
OUT347,166,14
OUT347,050,14
OUT347,178,14
OUT347,099,14
Ex065,L254,0
OUT369,191,7
OUT369,I013,7
OUT383,Ex004,8
Ex066,L098,0
Ex066,I009,0
OUT434,056,0
OUT434,L073,14
OUT434,L146,19
OUT403,014,3
OUT433,174,11
Ex067,L268,0
Ex068,Ex010,0
Ex068,L038,0
Ex068,L038,0
Ex068,L038,0
Ex068,L364,0
Ex068,L401,0
Ex068,L412,0
Ex072,L075,0
Ex072,I022,0
Ex072,L405,0
Ex074,I014,0
Ex074,I026,0
Ex077,Ex036,0
Ex077,L204,0
Ex077,L097,4
Ex077,L103,6
Ex079,Ex056,0
Ex079,T001,0
Ex079,T001,0
Ex079,L079,0
Ex079,L414,0
Ex079,L415,0
Ex080,L416,0
Ex081,EX003,0
Ex081,I008,0
Ex081,I008,0
Ex081,I009,0
Ex081,L032,0
Ex082,L418,0
Ex082,L248,0
Ex082,L248,0
Ex083,200,6
Ex084,L218,0
Ex084,I022,0
Ex086,L373,0
Ex087,Ex042,0
Ex088,164,0
Ex088,Ex014,0
Ex088,L094,0
Ex088,L215,0
Ex088,L290,0
Ex089,L233,0
Ex090,L074,0
Ex090,I009,0
Ex090,I009,0
Ex090,L032,0
Ex091,L075,0
Ex092,Ex002,0
Ex092,L075,0
Ex092,L075,0
Ex092,L369,0
Ex092,I022,0
Ex092,L064,0
Ex093,164,0
Ex093,L255,0
Ex094,Ex052,0
Ex094,L076,0
Ex094,L061,0
Ex094,L118,0
Ex095,L297,0
Ex095,T001,0
Ex096,L419,0
Ex096,L420,0
Ex098,Ex001,0
Ex098,L032,0
Ex098,L097,0
Ex098,I001,0
Ex098,L421,0
Ex098,L083,0
Ex099,162,0
Ex102,L336,0
Ex103,093,4
Ex103,L180,0
Ex103,L221,13
Ex104,I022,0
Ex104,L225,0
Ex105,213,8
Ex105,165,8
Ex105,L422,0
Ex105,I008,0
Ex105,L076,0
Ex106,L423,0
Ex106,L424,3
Ex107,I022,2
Ex107,T001,0
Ex108,084,0
Ex108,L046,0
Ex109,L425,0
Ex109,L426,2
Ex110,145,0
Ex110,L192,0
OUT442,091,14
EX112,L233,16
OUT470,OUT090,21
OUT471,OUT090,22
OUT471,OUT472,21
OUT472,OUT090,22
OUT481,032,19
OUT489,166,20
OUT490,A022,21
OUT491,134,19
OUT491,I021,19
OUT499,OUT608,13
OUT543,053,16
OUT543,A140,17
OUT543,178,16
OUT543,I004,12
OUT573,A063,12
OUT581,154,15
OUT583,A143,19
OUT587,117,14
OUT588,A047,18
OUT589,Ex075,0
OUT597,L048,13
OUT598,A257,15
OUT602,A293,15
OUT603,A290,15
OUT603,OUT461,15
OUT603,OUT089,18
OUT606,L487,13
OUT610,056,4
OUT610,L225,4
OUT611,221,11
OUT611,OUT722,11
OUT613,218,14
OUT614,226,4
OUT617,OUT017,0
OUT668,Ex004,0
OUT669,134,14
OUT672,072,14
OUT673,150,17
OUT673,I008,16
OUT675,203,16
OUT703,044,16
OUT703,043,16
OUT703,150,16
OUT706,L075,12
OUT722,221,11
OUT726,Ex109,14
OUT736,179,16
OUT736,A054,16
OUT739,009,2
OUT743,I024,10
OUT745,102,6
OUT748,134,15
OUT757,200,3
OUT758,050,15
OUT758,178,15
OUT758,A005,15
OUT758,OUT918,15
OUT758,032,15
OUT758,OUT421,15
OUT759,Ex033,0
OUT772,A233,15
OUT778,129,16
OUT779,196,13
OUT779,181,14
OUT800,Ex030,0
OUT800,L253,9
OUT804,L201,17
OUT809,OUT919,13
OUT810,150,14
OUT816,Ex002,0
OUT816,I022,0
OUT816,L061,0
OUT817,Ex108,1
OUT817,I001,5
OUT819,I001,3
OUT822,032,8
OUT822,L044,8
OUT825,Ex041,0
OUT833,150,16
OUT835,114,15
OUT843,OUT245,14
OUT843,A011,15
OUT843,046,15
OUT844,219,0
OUT849,A284,17
OUT855,A063,11
OUT857,L191,11
OUT858,100,12
OUT867,L149,12
OUT868,081,12
OUT869,Ex061,0
OUT873,179,14
OUT882,174,0
OUT886,T001,15
OUT897,011,0
OUT898,218,0
OUT904,218,16
OUT906,084,0
OUT906,191,0
OUT910,084,0
OUT915,EX003,0
OUT920,A141,7
OUT921,196,0
OUT923,Ex031,0
OUT925,L251,0
OUT926,L180,4
OUT927,175,10
OUT928,179,11
OUT929,191,12
OUT930,L488,13
OUT931,OUT841,14
OUT932,179,16
